{
    "train_loss": [
        1.8264651369094849,
        1.5193498565673829,
        1.3848172008514403,
        1.2781641403198243,
        1.1937475776672364,
        1.131696181488037,
        1.061477733898163,
        1.0060187370300293,
        0.9763277497291565,
        0.9295939762115478,
        0.881511685180664,
        0.843205672454834,
        0.8194015520095825,
        0.7745178102493286,
        0.7415201882362366
    ],
    "train_acc": [
        32.21,
        43.81,
        48.75,
        52.77,
        56.72,
        59.09,
        61.52,
        63.58,
        64.81,
        66.61,
        68.72,
        69.98,
        70.77,
        72.29,
        73.49
    ],
    "val_loss": [
        1.5721552885055543,
        1.396979997253418,
        1.2802972229003906,
        1.2275967712402345,
        1.1512730632781982,
        1.062575853919983,
        1.1134456218719482,
        1.0248276567459107,
        0.9844792318344117,
        0.9517956157684326,
        0.9518425428390503,
        0.9239530296325683,
        0.8730220782279968,
        0.9363879411697388,
        0.8969440542221069
    ],
    "val_acc": [
        41.89,
        48.82,
        52.86,
        55.54,
        58.16,
        62.31,
        60.14,
        63.65,
        65.05,
        66.5,
        66.26,
        67.79,
        69.8,
        67.94,
        69.36
    ]
}