{
    "train_loss": [
        1.9321677145004272,
        1.615068663406372,
        1.4823642179489136,
        1.3948383924484253,
        1.3184336874008178,
        1.242644944000244,
        1.2010420129776,
        1.143882974243164,
        1.0912657123565674,
        1.0563648941040038,
        1.0163778411865234,
        0.9739794865608216,
        0.9626532382965088,
        0.9299633623123169,
        0.9022534898757935
    ],
    "train_acc": [
        27.87,
        41.11,
        45.53,
        48.7,
        52.04,
        54.47,
        56.74,
        58.53,
        61.15,
        62.05,
        64.25,
        65.51,
        65.97,
        67.52,
        68.16
    ],
    "val_loss": [
        1.5991331924438477,
        1.4537453956604003,
        1.3005669122695922,
        1.2781952724456787,
        1.1719731201171875,
        1.1473891860961913,
        1.0987990085601806,
        1.0577657962799072,
        0.9864922451019287,
        0.9799369373321534,
        0.9571075635910035,
        0.9569479851722718,
        0.9099302341461182,
        0.9009702928543091,
        0.8850292840957642
    ],
    "val_acc": [
        41.19,
        46.53,
        53.03,
        53.8,
        57.74,
        59.25,
        60.34,
        61.93,
        64.88,
        65.03,
        66.1,
        66.0,
        67.56,
        67.7,
        68.71
    ]
}