{
    "train_loss": [
        1.7838296875,
        1.3987957416534424,
        1.2098374408721924,
        1.06141909866333,
        0.9042848598480224,
        0.7784057380676269,
        0.6463646636009216,
        0.5127151721954346,
        0.3724642065525055,
        0.28390965614318847,
        0.1761736701965332,
        0.1377279680252075,
        0.09732479195594787,
        0.076314928612113,
        0.0559445272564888
    ],
    "train_acc": [
        34.2,
        49.07,
        55.62,
        61.39,
        67.23,
        72.09,
        77.03,
        81.84,
        87.0,
        90.53,
        94.36,
        95.37,
        96.92,
        97.91,
        98.37
    ],
    "val_loss": [
        1.5604382165908814,
        1.3182477705001832,
        1.276657079601288,
        1.131792325592041,
        1.1434466449737548,
        1.0669987873077393,
        1.0702247805595397,
        1.1395386087417603,
        1.2650175886154176,
        1.3485459411621095,
        1.5438258895874024,
        1.7022687801361085,
        1.8633961784362794,
        2.1251030166625977,
        2.2024850162506104
    ],
    "val_acc": [
        42.21,
        52.68,
        53.83,
        58.54,
        60.62,
        63.21,
        64.32,
        63.83,
        63.52,
        63.37,
        63.57,
        62.5,
        63.49,
        61.0,
        62.09
    ]
}